{"name":"Almarai-Bold","type":"TTF","desc":{"CapHeight":716,"XHeight":530,"FontBBox":"[-51 -427 2665 1100]","Flags":262148,"Ascent":1100,"Descent":-427,"Leading":0,"ItalicAngle":0,"StemV":165,"MissingWidth":184},"unitsPerEm":1000,"up":-94,"ut":63,"strp":308,"strs":63,"ttffile":"C:\\xampp\\htdocs\\laravel\\course\\ecommerce\\public\/fonts\/\/Almarai-Bold.ttf","TTCfontID":0,"originalsize":152744,"sip":false,"smp":false,"BMPselected":false,"fontkey":"almaraiB","panose":" 0 0 0 0 0 0 0 0 0 0 0 0","haskerninfo":false,"haskernGPOS":true,"hassmallcapsGSUB":false,"fontmetrics":"win","useOTL":255,"rtlPUAstr":"\\x{0E002}\\x{0E003}\\x{0E005}-\\x{0E00B}\\x{0E018}\\x{0E019}\\x{0E01F}-\\x{0E027}\\x{0E033}-\\x{0E036}\\x{0E041}-\\x{0E04E}\\x{0E051}\\x{0E052}\\x{0EA26}","GSUBScriptLang":{"DFLT":"DFLT ","arab":"DFLT URD  ","latn":"DFLT "},"GSUBFeatures":{"DFLT":{"DFLT":{"ccmp":[0],"frac":[1],"init":[2],"medi":[3],"fina":[4],"rlig":[5],"ss01":[8]}},"arab":{"DFLT":{"ccmp":[0],"frac":[1],"init":[2],"medi":[3],"fina":[4],"rlig":[5],"liga":[6,7],"ss01":[8]},"URD ":{"ccmp":[0],"frac":[1],"init":[2],"medi":[3],"fina":[4],"rlig":[5],"ss01":[8]}},"latn":{"DFLT":{"ccmp":[0],"frac":[1],"init":[2],"medi":[3],"fina":[4],"rlig":[5],"ss01":[8]}}},"GSUBLookups":[{"Type":4,"Flag":1,"SubtableCount":1,"Subtables":[151180],"MarkFilteringSet":""},{"Type":4,"Flag":0,"SubtableCount":1,"Subtables":[151354],"MarkFilteringSet":""},{"Type":1,"Flag":1,"SubtableCount":1,"Subtables":[151606],"MarkFilteringSet":""},{"Type":1,"Flag":1,"SubtableCount":1,"Subtables":[151758],"MarkFilteringSet":""},{"Type":1,"Flag":1,"SubtableCount":1,"Subtables":[151916],"MarkFilteringSet":""},{"Type":4,"Flag":1,"SubtableCount":1,"Subtables":[152198],"MarkFilteringSet":""},{"Type":4,"Flag":1,"SubtableCount":1,"Subtables":[152556],"MarkFilteringSet":""},{"Type":4,"Flag":9,"SubtableCount":1,"Subtables":[152638],"MarkFilteringSet":""},{"Type":1,"Flag":0,"SubtableCount":1,"Subtables":[152732],"MarkFilteringSet":""}],"GPOSScriptLang":{"DFLT":"DFLT ","arab":"DFLT ","latn":"DFLT "},"GPOSFeatures":{"DFLT":{"DFLT":{"kern":[0,1],"mark":[2,3,4,5,6,7,8,9,10,11,12,13,14,15,16,17,18,19,20,21,22,23,24,25,26,29],"mkmk":[27,28]}},"arab":{"DFLT":{"kern":[0,1],"mark":[2,3,4,5,6,7,8,9,10,11,12,13,14,15,16,17,18,19,20,21,22,23,24,25,26,29],"mkmk":[27,28]}},"latn":{"DFLT":{"kern":[0,1],"mark":[2,3,4,5,6,7,8,9,10,11,12,13,14,15,16,17,18,19,20,21,22,23,24,25,26,29],"mkmk":[27,28]}}},"GPOSLookups":[{"Type":2,"Flag":0,"SubtableCount":1,"Subtables":[139672],"MarkFilteringSet":""},{"Type":2,"Flag":9,"SubtableCount":2,"Subtables":[140238,140294],"MarkFilteringSet":""},{"Type":4,"Flag":1,"SubtableCount":1,"Subtables":[140892],"MarkFilteringSet":""},{"Type":4,"Flag":1,"SubtableCount":1,"Subtables":[141186],"MarkFilteringSet":""},{"Type":4,"Flag":1,"SubtableCount":1,"Subtables":[141764],"MarkFilteringSet":""},{"Type":4,"Flag":1,"SubtableCount":1,"Subtables":[142078],"MarkFilteringSet":""},{"Type":4,"Flag":1,"SubtableCount":1,"Subtables":[142292],"MarkFilteringSet":""},{"Type":4,"Flag":1,"SubtableCount":1,"Subtables":[142752],"MarkFilteringSet":""},{"Type":4,"Flag":1,"SubtableCount":1,"Subtables":[143094],"MarkFilteringSet":""},{"Type":4,"Flag":1,"SubtableCount":1,"Subtables":[143532],"MarkFilteringSet":""},{"Type":4,"Flag":1,"SubtableCount":1,"Subtables":[143792],"MarkFilteringSet":""},{"Type":4,"Flag":1,"SubtableCount":1,"Subtables":[144118],"MarkFilteringSet":""},{"Type":4,"Flag":1,"SubtableCount":1,"Subtables":[144396],"MarkFilteringSet":""},{"Type":4,"Flag":1,"SubtableCount":1,"Subtables":[144682],"MarkFilteringSet":""},{"Type":4,"Flag":1,"SubtableCount":1,"Subtables":[144948],"MarkFilteringSet":""},{"Type":4,"Flag":1,"SubtableCount":1,"Subtables":[145196],"MarkFilteringSet":""},{"Type":4,"Flag":1,"SubtableCount":1,"Subtables":[145442],"MarkFilteringSet":""},{"Type":4,"Flag":1,"SubtableCount":1,"Subtables":[145814],"MarkFilteringSet":""},{"Type":4,"Flag":1,"SubtableCount":1,"Subtables":[146126],"MarkFilteringSet":""},{"Type":4,"Flag":1,"SubtableCount":1,"Subtables":[146348],"MarkFilteringSet":""},{"Type":4,"Flag":1,"SubtableCount":1,"Subtables":[146464],"MarkFilteringSet":""},{"Type":4,"Flag":1,"SubtableCount":1,"Subtables":[146664],"MarkFilteringSet":""},{"Type":4,"Flag":1,"SubtableCount":1,"Subtables":[146792],"MarkFilteringSet":""},{"Type":4,"Flag":1,"SubtableCount":1,"Subtables":[147152],"MarkFilteringSet":""},{"Type":4,"Flag":1,"SubtableCount":1,"Subtables":[147314],"MarkFilteringSet":""},{"Type":4,"Flag":1,"SubtableCount":1,"Subtables":[147448],"MarkFilteringSet":""},{"Type":4,"Flag":1,"SubtableCount":1,"Subtables":[147668],"MarkFilteringSet":""},{"Type":6,"Flag":1,"SubtableCount":1,"Subtables":[148668],"MarkFilteringSet":""},{"Type":6,"Flag":1,"SubtableCount":1,"Subtables":[149156],"MarkFilteringSet":""},{"Type":5,"Flag":1,"SubtableCount":1,"Subtables":[149344],"MarkFilteringSet":""}],"kerninfo":[]}