{"rtlSUB":{"0E051":{"1":"0E052"},"0E049":{"1":"0E04A"},"0E047":{"1":"0E048"},"0E045":{"1":"0E046"},"0E043":{"1":"0E044"},"0E041":{"1":"0E042"},"0E002":{"1":"0E003"},"00622":{"1":"0FE82"},"00623":{"1":"0FE84"},"00624":{"1":"0FE86"},"00625":{"1":"0FE88"},"00626":{"2":"0FE8B","3":"0FE8C","1":"0FE8A"},"00627":{"1":"0FE8E"},"00628":{"2":"0FE91","3":"0FE92","1":"0FE90"},"00629":{"1":"0FE94"},"0062A":{"2":"0FE97","3":"0FE98","1":"0FE96"},"0062B":{"2":"0FE9B","3":"0FE9C","1":"0FE9A"},"0062C":{"2":"0FE9F","3":"0FEA0","1":"0FE9E"},"0062D":{"2":"0FEA3","3":"0FEA4","1":"0FEA2"},"0062E":{"2":"0FEA7","3":"0FEA8","1":"0FEA6"},"0062F":{"1":"0FEAA"},"00630":{"1":"0FEAC"},"00631":{"1":"0FEAE"},"00632":{"1":"0FEB0"},"00633":{"2":"0FEB3","3":"0FEB4","1":"0FEB2"},"00634":{"2":"0FEB7","3":"0FEB8","1":"0FEB6"},"00635":{"2":"0FEBB","3":"0FEBC","1":"0FEBA"},"00636":{"2":"0FEBF","3":"0FEC0","1":"0FEBE"},"00637":{"2":"0FEC3","3":"0FEC4","1":"0FEC2"},"00638":{"2":"0FEC7","3":"0FEC8","1":"0FEC6"},"00639":{"2":"0FECB","3":"0FECC","1":"0FECA"},"0063A":{"2":"0FECF","3":"0FED0","1":"0FECE"},"00641":{"2":"0FED3","3":"0FED4","1":"0FED2"},"00642":{"2":"0FED7","3":"0FED8","1":"0FED6"},"00643":{"2":"0FEDB","3":"0FEDC","1":"0FEDA"},"00644":{"2":"0FEDF","3":"0FEE0","1":"0FEDE"},"00645":{"2":"0FEE3","3":"0FEE4","1":"0FEE2"},"00646":{"2":"0FEE7","3":"0FEE8","1":"0FEE6"},"00647":{"2":"0FEEB","3":"0FEEC","1":"0FEEA"},"00648":{"1":"0FEEE"},"00649":{"2":"0FBE8","3":"0FBE9","1":"0FEF0"},"0064A":{"2":"0FEF3","3":"0FEF4","1":"0FEF2"},"0066E":{"3":"0E019","1":"0E018"},"0066F":{"1":"0E036"},"00671":{"1":"0FB51"},"00679":{"2":"0FB68","3":"0FB69","1":"0FB67"},"0067E":{"2":"0FB58","3":"0FB59","1":"0FB57"},"00686":{"2":"0FB7C","3":"0FB7D","1":"0FB7B"},"00688":{"1":"0FB89"},"00691":{"1":"0FB8D"},"00698":{"1":"0FB8B"},"006A1":{"2":"0E035","3":"0E034","1":"0E033"},"006A4":{"2":"0FB6C","3":"0FB6D","1":"0FB6B"},"006A9":{"2":"0FB90","3":"0FB91","1":"0FB8F"},"006AF":{"2":"0FB94","3":"0FB95","1":"0FB93"},"006BA":{"1":"0FB9F"},"006BE":{"2":"0FBAC","3":"0FBAD","1":"0FBAB"},"006C0":{"1":"0FBA5"},"006C1":{"2":"0FBA8","3":"0FBA9","1":"0FBA7"},"006CC":{"2":"0FBFE","3":"0FBFF","1":"0FBFD"},"006D2":{"1":"0FBAF"},"006D3":{"1":"0FBB1"},"0E04B":{"1":"0E04C"},"0E04D":{"1":"0E04E"},"0FC3D":{"1":"0FC83"},"0FC3E":{"1":"0FC84"},"0FC59":{"1":"0FC95"},"0FC5A":{"1":"0FC96"},"0FEF5":{"1":"0FEF6"},"0FEF7":{"1":"0FEF8"},"0FEF9":{"1":"0FEFA"},"0FEFB":{"1":"0FEFC"}},"finals":"0FE8A 0FE90 0FE96 0FE9A 0FE9E 0FEA6 0FEB2 0FEB6 0FEBA 0FEBE 0FEC6 0FECE 0FEE2 0FEE6 0FEEA 0FB67 0FB57 0FB7B 0E033 0FB6B 0FB8F 0FBAB 0FBA7 0FBFD 0E018 0FE82 0FE84 0FE86 0FE88 0FEAC 0FEB0 0E036 0FB51 0FB89 0FB8D 0FB8B 0FB9F 0FBA5 0FBAF 0FBB1 0E003 0E042 0E044 0E046 0E048 0E04A 0E04C 0E04E 0E052 0FC83 0FC84 0FC95 0FC96 0FEF6 0FEF8 0FEFA 0FEFC ","rphf":[],"half":[],"pref":[],"blwf":[],"pstf":[]}